{"scope.version":"2","timeline.animationMode":"proMode","viewport.width":300,"viewport.height":250,"design.userpaddingleft":-300,"design.userpaddingtop":-250,"stage.mask":false,"design.scrollleft":20,"design.scrolltop":105.5999984741211,"library.openDirectories":[],"library.GroupsPath":{},"library.downloadedAssets":{},"tool.text.optionsState":{"fontName":"Arial Black","fontSize":"25px","fontWeight":"normal","fontStyle":"normal","letterSpacing":"0px","lineHeight":"30px","alignLeft":false,"alignCenter":true,"alignRight":false,"alignJustify":false,"verticalAlignCenter":false,"foreColor":"rgb(0, 0, 0)","tagName":"span","orderedList":false,"unorderedList":false},"design.zoom":1,"timeline.previewRanges":{}}